license,source,file_count
OSL-2.1,Split-DB-Foss-Licenses,221
LiLiQ-P-1.1,Split-DB-Foss-Licenses,109
gnu-javamail-exception,Split-DB-Foss-Licenses,3
NLOD-1.0,Split-DB-Foss-Licenses,163
GFDL-1.2,Split-DB-Foss-Licenses,466
ZPL-2.0,Split-DB-Foss-Licenses,45
Imlib2,Split-DB-Foss-Licenses,20
FTL,Split-DB-Foss-Licenses,138
Ferris-1.2,Split-DB-Foss-Licenses,419
YPL-1.0,Split-DB-Foss-Licenses,148
Intel,Split-DB-Foss-Licenses,27
CC-BY-SA-3.0-AT,Split-DB-Foss-Licenses,552
CC-BY-3.0,Split-DB-Foss-Licenses,413
VIM,Split-DB-Foss-Licenses,90
GPL-3.0-with-bison-exception,Split-DB-Foss-Licenses,8
MX4J,Split-DB-Foss-Licenses,3
OLDAP-2.8,Split-DB-Foss-Licenses,37
libtiff,Split-DB-Foss-Licenses,5
CPL-0.5,Split-DB-Foss-Licenses,201
BSD-3-Clause-Clear,Split-DB-Foss-Licenses,11
NCGL-UK-2.0,Split-DB-Foss-Licenses,48
MITNFA,Split-DB-Foss-Licenses,6
WashU,Split-DB-Foss-Licenses,8
CATOSL,Split-DB-Foss-Licenses,3
Zed,Split-DB-Foss-Licenses,5
OLDAP-2.6,Split-DB-Foss-Licenses,39
OpenMarket,Split-DB-Foss-Licenses,18
CrystalStacker,Split-DB-Foss-Licenses,19
RealNetworks-EULA,Split-DB-Foss-Licenses,113
AAL,Split-DB-Foss-Licenses,26
OLDAP-2.1,Split-DB-Foss-Licenses,50
PostgreSQL,Split-DB-Foss-Licenses,8
OASIS,Split-DB-Foss-Licenses,71
ZoneAlarm-EULA,Split-DB-Foss-Licenses,510
YPL-1.1,Split-DB-Foss-Licenses,148
Parity-7.0.0,Split-DB-Foss-Licenses,72
W3C,Split-DB-Foss-Licenses,29
info-zip,Split-DB-Foss-Licenses,31
ZPL-2.1,Split-DB-Foss-Licenses,32
GFDL-1.3,Split-DB-Foss-Licenses,504
SCEA,Split-DB-Foss-Licenses,150
SISSL,Split-DB-Foss-Licenses,291
diffmark,Split-DB-Foss-Licenses,8
RPL-1.5,Split-DB-Foss-Licenses,752
CLISP-exception-2.0,Split-DB-Foss-Licenses,36
Newsletr,Split-DB-Foss-Licenses,8
Phorum-2.0,Split-DB-Foss-Licenses,29
CC-BY-ND-4.0,Split-DB-Foss-Licenses,537
NIST-PD-fallback,Split-DB-Foss-Licenses,12
LGPL-2.1+-KDE-exception,Split-DB-Foss-Licenses,6
OSL-2.0,Split-DB-Foss-Licenses,211
i2p-gpl-java-exception,Split-DB-Foss-Licenses,8
QT.Commercial,Split-DB-Foss-Licenses,399
eCos-exception-2.0,Split-DB-Foss-Licenses,4
CC-BY-ND-2.5,Split-DB-Foss-Licenses,340
CC-BY-NC-ND-1.0,Split-DB-Foss-Licenses,297
OLDAP-2.0,Split-DB-Foss-Licenses,37
GPL-2.0-with-autoconf-exception,Split-DB-Foss-Licenses,33
Freeware,Split-DB-Foss-Licenses,5
OPL-style,Split-DB-Foss-Licenses,1
OLDAP-2.7,Split-DB-Foss-Licenses,37
Intel-ACPI,Split-DB-Foss-Licenses,163
PolyForm-Small-Business-1.0.0,Split-DB-Foss-Licenses,69
NRL,Split-DB-Foss-Licenses,57
Rdisc,Split-DB-Foss-Licenses,21
Nvidia-EULA,Split-DB-Foss-Licenses,156
OpenJDK-assembly-exception-1.0,Split-DB-Foss-Licenses,14
MPL-EULA-3.0,Split-DB-Foss-Licenses,257
H2-1.0,Split-DB-Foss-Licenses,32
OGL-UK-2.0,Split-DB-Foss-Licenses,66
Bitstream,Split-DB-Foss-Licenses,161
Artistic-1.0,Split-DB-Foss-Licenses,78
CUA-OPL-1.0,Split-DB-Foss-Licenses,679
Parity-6.0.0,Split-DB-Foss-Licenses,28
LiLiQ-R-1.1,Split-DB-Foss-Licenses,150
Interbase-1.0,Split-DB-Foss-Licenses,665
LGPL,Split-DB-Foss-Licenses,3
GPL-2.0,Split-DB-Foss-Licenses,327
LPL-1.02,Split-DB-Foss-Licenses,292
SimPL-2.0,Split-DB-Foss-Licenses,40
Python-2.0.1,Split-DB-Foss-Licenses,267
IPA,Split-DB-Foss-Licenses,164
PDDL-1.0,Split-DB-Foss-Licenses,381
Helix.RealNetworks-EULA,Split-DB-Foss-Licenses,322
CC-BY-NC-SA-3.0,Split-DB-Foss-Licenses,461
bzip2-1.0.5,Split-DB-Foss-Licenses,22
ANTLR-PD,Split-DB-Foss-Licenses,18
FAL-1.3,Split-DB-Foss-Licenses,157
AGPL-3.0,Split-DB-Foss-Licenses,569
ECL-1.0,Split-DB-Foss-Licenses,19
Libpng,Split-DB-Foss-Licenses,92
HP,Split-DB-Foss-Licenses,58
Unicode-DFS-2016,Split-DB-Foss-Licenses,26
Oracle-Berkeley-DB,Split-DB-Foss-Licenses,38
OLDAP,Split-DB-Foss-Licenses,3
libpng-2.0,Split-DB-Foss-Licenses,24
Swift-exception,Split-DB-Foss-Licenses,2
CC-PDDC,Split-DB-Foss-Licenses,13
AFL-1.2,Split-DB-Foss-Licenses,78
LLVM-exception,Split-DB-Foss-Licenses,3
Unicode-TOU,Split-DB-Foss-Licenses,236
Wintertree,Split-DB-Foss-Licenses,126
Python-2.2.3,Split-DB-Foss-Licenses,252
Vixie,Split-DB-Foss-Licenses,12
gnuplot,Split-DB-Foss-Licenses,24
Wsuipa,Split-DB-Foss-Licenses,15
NLPL,Split-DB-Foss-Licenses,9
OLDAP-2.0.1,Split-DB-Foss-Licenses,37
BSD-Protection,Split-DB-Foss-Licenses,77
CMake,Split-DB-Foss-Licenses,8
CC-BY-SA-2.0,Split-DB-Foss-Licenses,399
See-file,Split-DB-Foss-Licenses,4
BlueOak-1.0.0,Split-DB-Foss-Licenses,25
APSL-1.2,Split-DB-Foss-Licenses,418
GPL-3.0+-with-bison-exception,Split-DB-Foss-Licenses,8
Unicode,Split-DB-Foss-Licenses,167
SAX-PD,Split-DB-Foss-Licenses,26
CC-BY-NC-2.5,Split-DB-Foss-Licenses,371
OLDAP-2.2.2,Split-DB-Foss-Licenses,49
FLTK-exception,Split-DB-Foss-Licenses,11
Borceux,Split-DB-Foss-Licenses,21
Glide,Split-DB-Foss-Licenses,187
BSD-4-Clause,Split-DB-Foss-Licenses,23
Python-2.6.5,Split-DB-Foss-Licenses,257
GPL-3.0-with-GCC-exception,Split-DB-Foss-Licenses,46
FSFUL,Split-DB-Foss-Licenses,2
CC-BY-NC-4.0,Split-DB-Foss-Licenses,561
MulanPSL-2.0,Split-DB-Foss-Licenses,146
FaCE,Split-DB-Foss-Licenses,29
WXwindows,Split-DB-Foss-Licenses,20
eCos-2.0,Split-DB-Foss-Licenses,17
M+,Split-DB-Foss-Licenses,50
Xnet,Split-DB-Foss-Licenses,12
EPL-2.0,Split-DB-Foss-Licenses,211
AFL-3.0,Split-DB-Foss-Licenses,198
Spencer-99,Split-DB-Foss-Licenses,12
Aptana-1.0,Split-DB-Foss-Licenses,113
Mup,Split-DB-Foss-Licenses,22
LIBGCJ,Split-DB-Foss-Licenses,18
MS-PL,Split-DB-Foss-Licenses,53
Autoconf-exception-2.0,Split-DB-Foss-Licenses,25
OPL,Split-DB-Foss-Licenses,117
Mibble,Split-DB-Foss-Licenses,66
Mindterm,Split-DB-Foss-Licenses,262
VSL-1.0,Split-DB-Foss-Licenses,35
CC-BY-ND-3.0,Split-DB-Foss-Licenses,370
ZPL,Split-DB-Foss-Licenses,3
OSET-PL-2.1,Split-DB-Foss-Licenses,396
SSPL-1.0,Split-DB-Foss-Licenses,457
Aladdin,Split-DB-Foss-Licenses,187
ClearSilver,Split-DB-Foss-Licenses,5
CERN-OHL-W-2.0,Split-DB-Foss-Licenses,138
OFL-1.1,Split-DB-Foss-Licenses,50
MetroLink-1.0,Split-DB-Foss-Licenses,141
EDL-1.0,Split-DB-Foss-Licenses,17
OLDAP-1.1,Split-DB-Foss-Licenses,93
BSD-2-Clause-Views,Split-DB-Foss-Licenses,13
Tapjoy,Split-DB-Foss-Licenses,204
OSL-1.1,Split-DB-Foss-Licenses,211
Migemo,Split-DB-Foss-Licenses,21
Terracotta,Split-DB-Foss-Licenses,695
Hippocratic-2.1,Split-DB-Foss-Licenses,110
Crossword,Split-DB-Foss-Licenses,6
CECILL-C,Split-DB-Foss-Licenses,308
OCCT-PL,Split-DB-Foss-Licenses,240
Naumen,Split-DB-Foss-Licenses,32
Python-2.5,Split-DB-Foss-Licenses,257
LPPL-1.3,Split-DB-Foss-Licenses,360
Linux-OpenIB,Split-DB-Foss-Licenses,6
APL-1.0,Split-DB-Foss-Licenses,988
EUPL-1.1,Split-DB-Foss-Licenses,239
openvpn-openssl-exception,Split-DB-Foss-Licenses,11
Net-SNMP,Split-DB-Foss-Licenses,166
Sleepycat,Split-DB-Foss-Licenses,50
copyleft-next-0.3.1,Split-DB-Foss-Licenses,170
u-boot-exception-2.0,Split-DB-Foss-Licenses,6
LGPLLR,Split-DB-Foss-Licenses,245
CC-BY-NC-ND-2.0,Split-DB-Foss-Licenses,341
OGL-Canada-2.0,Split-DB-Foss-Licenses,47
D-FSL-1.0,Split-DB-Foss-Licenses,343
TrueCrypt-3.0,Split-DB-Foss-Licenses,479
Giftware,Split-DB-Foss-Licenses,20
CC-BY-4.0,Split-DB-Foss-Licenses,543
blessing,Split-DB-Foss-Licenses,10
RHeCos-1.1,Split-DB-Foss-Licenses,669
OpenMap,Split-DB-Foss-Licenses,96
CPL-1.0,Split-DB-Foss-Licenses,201
OFL-1.0,Split-DB-Foss-Licenses,40
Cube,Split-DB-Foss-Licenses,27
SugarCRM-1.1.3,Split-DB-Foss-Licenses,627
OGL-UK-1.0,Split-DB-Foss-Licenses,58
Noweb,Split-DB-Foss-Licenses,27
IBM-pibs,Split-DB-Foss-Licenses,9
PHP-2.02,Split-DB-Foss-Licenses,71
Artistic-2.0,Split-DB-Foss-Licenses,116
LZMA-exception,Split-DB-Foss-Licenses,4
LPPL-1.2,Split-DB-Foss-Licenses,246
389-exception,Split-DB-Foss-Licenses,30
copyleft-next-0.3.0,Split-DB-Foss-Licenses,175
Dotseqn,Split-DB-Foss-Licenses,3
EUPL-1.0,Split-DB-Foss-Licenses,223
SMPPL,Split-DB-Foss-Licenses,71
ZPL-1.1,Split-DB-Foss-Licenses,54
ODC-By-1.0,Split-DB-Foss-Licenses,489
LGPL-2.1+,Split-DB-Foss-Licenses,501
TCP-wrappers,Split-DB-Foss-Licenses,8
CECILL-B,Split-DB-Foss-Licenses,300
Bootloader-exception,Split-DB-Foss-Licenses,4
OFL-1.1-no-RFN,Split-DB-Foss-Licenses,49
OSL-1.0,Split-DB-Foss-Licenses,198
CC-BY-2.5,Split-DB-Foss-Licenses,367
NBPL-1.0,Split-DB-Foss-Licenses,86
ECL-2.0,Split-DB-Foss-Licenses,176
Flora,Split-DB-Foss-Licenses,154
CC-BY-SA,Split-DB-Foss-Licenses,3
LPPL-1.3b,Split-DB-Foss-Licenses,381
mpich2,Split-DB-Foss-Licenses,23
Yahoo-EULA,Split-DB-Foss-Licenses,247
RPSL-1.0,Split-DB-Foss-Licenses,653
BSD-2-Clause,Split-DB-Foss-Licenses,14
TAPR-OHL-1.0,Split-DB-Foss-Licenses,194
LGPL-2.1,Split-DB-Foss-Licenses,528
TMate,Split-DB-Foss-Licenses,28
Artistic-1.0-Perl,Split-DB-Foss-Licenses,97
BitTorrent-1.0,Split-DB-Foss-Licenses,877
NIST-PD,Split-DB-Foss-Licenses,12
GCC-exception-3.1,Split-DB-Foss-Licenses,46
GPL-3.0-linking-source-exception,Split-DB-Foss-Licenses,4
gSOAP-1.3b,Split-DB-Foss-Licenses,521
GPL-2.0-with-classpath-exception,Split-DB-Foss-Licenses,17
Latex2e,Split-DB-Foss-Licenses,6
GPL-1.0,Split-DB-Foss-Licenses,192
SISSL-1.2,Split-DB-Foss-Licenses,246
NOSL,Split-DB-Foss-Licenses,640
SWL,Split-DB-Foss-Licenses,26
CERN-OHL-P-2.0,Split-DB-Foss-Licenses,83
BSD-4-Clause-UC,Split-DB-Foss-Licenses,23
Spikesource,Split-DB-Foss-Licenses,383
Qwt-exception-1.0,Split-DB-Foss-Licenses,20
OCCT-exception-1.0,Split-DB-Foss-Licenses,6
WTFPL,Split-DB-Foss-Licenses,9
BSD,Split-DB-Foss-Licenses,3
freertos-exception-2.0,Split-DB-Foss-Licenses,20
No_license_found,Split-DB-Foss-Licenses,1
LGPL-3.0-linking-exception,Split-DB-Foss-Licenses,9
Cisco,Split-DB-Foss-Licenses,142
GPL-2.0-with-GCC-exception,Split-DB-Foss-Licenses,5
CC-BY-NC-3.0,Split-DB-Foss-Licenses,423
WebM,Split-DB-Foss-Licenses,10
Frameworx-1.0,Split-DB-Foss-Licenses,118
XFree86-1.1,Split-DB-Foss-Licenses,23
CC-BY-NC-SA-4.0,Split-DB-Foss-Licenses,614
NCSA,Split-DB-Foss-Licenses,14
HPND,Split-DB-Foss-Licenses,11
Oracle-Dev,Split-DB-Foss-Licenses,268
Font-exception-2.0,Split-DB-Foss-Licenses,8
RSA-Cryptoki,Split-DB-Foss-Licenses,20
GPL-1.0+,Split-DB-Foss-Licenses,191
LGPL-2.0,Split-DB-Foss-Licenses,469
MulanPSL-1.0,Split-DB-Foss-Licenses,122
BitTorrent-1.1,Split-DB-Foss-Licenses,935
Epinions,Split-DB-Foss-Licenses,199
Nokia,Split-DB-Foss-Licenses,379
RSCPL,Split-DB-Foss-Licenses,674
GPL-2.0-with-bison-exception,Split-DB-Foss-Licenses,8
Fedora,Split-DB-Foss-Licenses,154
EPL-1.0,Split-DB-Foss-Licenses,193
EFL,Split-DB-Foss-Licenses,3
Artistic-1.0-cl8,Split-DB-Foss-Licenses,85
CERN-OHL-1.2,Split-DB-Foss-Licenses,210
LPPL-1.3c,Split-DB-Foss-Licenses,409
PHP,Split-DB-Foss-Licenses,3
Zlib,Split-DB-Foss-Licenses,19
MakeIndex,Split-DB-Foss-Licenses,25
Python-2.1.3,Split-DB-Foss-Licenses,267
CERN-OHL-S-2.0,Split-DB-Foss-Licenses,140
TORQUE-1.1,Split-DB-Foss-Licenses,103
CNRI-Jython,Split-DB-Foss-Licenses,64
CC-BY-NC-SA-2.5,Split-DB-Foss-Licenses,419
CC-BY-SA-1.0,Split-DB-Foss-Licenses,331
Caldera,Split-DB-Foss-Licenses,43
CC-BY,Split-DB-Foss-Licenses,3
Arphic,Split-DB-Foss-Licenses,126
SSH-OpenSSH,Split-DB-Foss-Licenses,49
Python-2.3.7,Split-DB-Foss-Licenses,257
psfrag,Split-DB-Foss-Licenses,7
Nunit,Split-DB-Foss-Licenses,48
SunJDK6,Split-DB-Foss-Licenses,579
BSD-3-Clause-No-Nuclear-License,Split-DB-Foss-Licenses,22
mif-exception,Split-DB-Foss-Licenses,5
Bahyph,Split-DB-Foss-Licenses,41
OLDAP-2.2,Split-DB-Foss-Licenses,48
dvipdfm,Split-DB-Foss-Licenses,3
MPL-EULA-1.1,Split-DB-Foss-Licenses,218
0BSD,Split-DB-Foss-Licenses,5
OpenGroup,Split-DB-Foss-Licenses,187
NTP,Split-DB-Foss-Licenses,6
XSkat,Split-DB-Foss-Licenses,11
Multics,Split-DB-Foss-Licenses,39
BSD-3-Clause-No-Nuclear-License-2014,Split-DB-Foss-Licenses,12
OLDAP-2.5,Split-DB-Foss-Licenses,46
CC-BY-ND-2.0,Split-DB-Foss-Licenses,338
GFDL-1.2-invariants+,Split-DB-Foss-Licenses,466
CECILL-2.1,Split-DB-Foss-Licenses,291
BSD-3-Clause-No-Nuclear-Warranty,Split-DB-Foss-Licenses,22
CC-BY-1.0,Split-DB-Foss-Licenses,305
GPL-2.0+-with-bison-exception,Split-DB-Foss-Licenses,8
IPL-1.0,Split-DB-Foss-Licenses,282
CC-BY-NC-ND-3.0-IGO,Split-DB-Foss-Licenses,481
EFL-1.0,Split-DB-Foss-Licenses,11
Linux-syscall-note,Split-DB-Foss-Licenses,5
Condor-1.1,Split-DB-Foss-Licenses,138
GPL-2.0-with-font-exception,Split-DB-Foss-Licenses,10
GPL-3.0-linking-exception,Split-DB-Foss-Licenses,2
TU-Berlin-2.0,Split-DB-Foss-Licenses,19
Beerware,Split-DB-Foss-Licenses,6
EUDatagrid,Split-DB-Foss-Licenses,47
OML,Split-DB-Foss-Licenses,22
OGC-1.0,Split-DB-Foss-Licenses,37
curl,Split-DB-Foss-Licenses,7
GFDL-1.1,Split-DB-Foss-Licenses,403
Eurosym,Split-DB-Foss-Licenses,34
CMU,Split-DB-Foss-Licenses,7
OLDAP-2.4,Split-DB-Foss-Licenses,46
CNRI-Python,Split-DB-Foss-Licenses,57
GPL-2.0+,Split-DB-Foss-Licenses,312
HSQLDB,Split-DB-Foss-Licenses,21
TCL,Split-DB-Foss-Licenses,27
SSH-short,Split-DB-Foss-Licenses,3
BSD-2-Clause-Patent,Split-DB-Foss-Licenses,19
CECILL-2.0,Split-DB-Foss-Licenses,281
Barr,Split-DB-Foss-Licenses,20
OLDAP-2.3,Split-DB-Foss-Licenses,49
SNIA-1.1,Split-DB-Foss-Licenses,459
Cygnus-eCos-1.0,Split-DB-Foss-Licenses,539
AML,Split-DB-Foss-Licenses,20
psutils,Split-DB-Foss-Licenses,36
HaskellReport,Split-DB-Foss-Licenses,6
NTP-0,Split-DB-Foss-Licenses,6
JSON,Split-DB-Foss-Licenses,7
OCCT,Split-DB-Foss-Licenses,402
Pixware-EULA,Split-DB-Foss-Licenses,80
CC-BY-NC-ND-3.0,Split-DB-Foss-Licenses,381
Apache-2.0,Split-DB-Foss-Licenses,160
Nvidia,Split-DB-Foss-Licenses,45
SGI-B-2.0,Split-DB-Foss-Licenses,19
Open-PL-1.0,Split-DB-Foss-Licenses,141
PolyForm-Noncommercial-1.0.0,Split-DB-Foss-Licenses,65
Unlicense,Split-DB-Foss-Licenses,13
Libtool-exception,Split-DB-Foss-Licenses,1
LGPL-3.0+,Split-DB-Foss-Licenses,94
SHL-0.51,Split-DB-Foss-Licenses,200
CECILL,Split-DB-Foss-Licenses,3
AMDPLPA,Split-DB-Foss-Licenses,113
Logica-OSL-1.0,Split-DB-Foss-Licenses,42
RPL-1.1,Split-DB-Foss-Licenses,832
FSFAP,Split-DB-Foss-Licenses,3
Condor-1.0,Split-DB-Foss-Licenses,83
WxWindows-exception-3.1,Split-DB-Foss-Licenses,17
Against-DRM,Split-DB-Foss-Licenses,216
WordNet-3.0,Split-DB-Foss-Licenses,20
GPL-3.0+,Split-DB-Foss-Licenses,572
CDDL,Split-DB-Foss-Licenses,3
SHL-2.1,Split-DB-Foss-Licenses,49
Python-2.4.4,Split-DB-Foss-Licenses,257
GPL-CC-1.0,Split-DB-Foss-Licenses,13
MIT-style,Split-DB-Foss-Licenses,1
Flora-1.1,Split-DB-Foss-Licenses,154
Void,Split-DB-Foss-Licenses,1
AFL-1.1,Split-DB-Foss-Licenses,73
MPL-1.1,Split-DB-Foss-Licenses,690
Fair,Split-DB-Foss-Licenses,3
Broadcom-EULA,Split-DB-Foss-Licenses,155
UCL-1.0,Split-DB-Foss-Licenses,199
AGPL-1.0,Split-DB-Foss-Licenses,287
DigiRule-FOSS-exception,Split-DB-Foss-Licenses,66
Classpath-exception-2.0,Split-DB-Foss-Licenses,11
Unicode-DFS-2015,Split-DB-Foss-Licenses,33
SHL-0.5,Split-DB-Foss-Licenses,190
etalab-2.0,Split-DB-Foss-Licenses,71
CC-BY-SA-4.0,Split-DB-Foss-Licenses,598
W3C-20150513,Split-DB-Foss-Licenses,18
BSD-Doc,Split-DB-Foss-Licenses,10
APSL-1.0,Split-DB-Foss-Licenses,445
CC-BY-NC-2.0,Split-DB-Foss-Licenses,367
BSD-2-Clause-NetBSD,Split-DB-Foss-Licenses,19
CC-BY-NC-SA-1.0,Split-DB-Foss-Licenses,340
LGPL-2.0+,Split-DB-Foss-Licenses,490
Motorola,Split-DB-Foss-Licenses,259
CC-BY-SA-2.5,Split-DB-Foss-Licenses,409
DSDP,Split-DB-Foss-Licenses,35
Motosoto,Split-DB-Foss-Licenses,606
Adobe-Glyph,Split-DB-Foss-Licenses,10
Unidex,Split-DB-Foss-Licenses,32
GPL-2.0+-with-classpath-exception,Split-DB-Foss-Licenses,17
BSD-style,Split-DB-Foss-Licenses,1
ISC,Split-DB-Foss-Licenses,8
NASA-1.3,Split-DB-Foss-Licenses,464
bzip2-1.0.6,Split-DB-Foss-Licenses,27
Entessa,Split-DB-Foss-Licenses,39
iMatix,Split-DB-Foss-Licenses,75
OPL-1.0,Split-DB-Foss-Licenses,598
Cryptogams,Split-DB-Foss-Licenses,9
MPL-1.0,Split-DB-Foss-Licenses,516
Skype-EULA,Split-DB-Foss-Licenses,490
Spencer-94,Split-DB-Foss-Licenses,26
BSD-Source-Code,Split-DB-Foss-Licenses,8
TOSL,Split-DB-Foss-Licenses,19
GPL,Split-DB-Foss-Licenses,3
GCC-exception-2.0,Split-DB-Foss-Licenses,3
APAFML,Split-DB-Foss-Licenses,6
Piriform,Split-DB-Foss-Licenses,202
Intel-WLAN,Split-DB-Foss-Licenses,17
LGPL-3.0,Split-DB-Foss-Licenses,103
Flora-1.0,Split-DB-Foss-Licenses,24
HPND-sell-variant,Split-DB-Foss-Licenses,11
Agere,Split-DB-Foss-Licenses,155
CNRI-Python-GPL-Compatible,Split-DB-Foss-Licenses,70
RSA-MD,Split-DB-Foss-Licenses,20
Abstyles,Split-DB-Foss-Licenses,7
MIT-0,Split-DB-Foss-Licenses,5
SHL-2.0,Split-DB-Foss-Licenses,27
BSD-3-Clause-Attribution,Split-DB-Foss-Licenses,19
Afmparse,Split-DB-Foss-Licenses,10
OCLC-2.0,Split-DB-Foss-Licenses,267
X11,Split-DB-Foss-Licenses,8
Bison-exception-2.2,Split-DB-Foss-Licenses,5
NetCDF,Split-DB-Foss-Licenses,17
MPL-2.0-no-copyleft-exception,Split-DB-Foss-Licenses,409
NewBSD,Split-DB-Foss-Licenses,10
xinetd,Split-DB-Foss-Licenses,39
NPOSL-3.0,Split-DB-Foss-Licenses,227
MTLL,Split-DB-Foss-Licenses,57
OLDAP-2.2.1,Split-DB-Foss-Licenses,48
Watcom-1.0,Split-DB-Foss-Licenses,431
Qt-LGPL-exception-1.1,Split-DB-Foss-Licenses,13
DOC,Split-DB-Foss-Licenses,67
ODbL-1.0,Split-DB-Foss-Licenses,694
APSL-1.1,Split-DB-Foss-Licenses,421
EFL-2.0,Split-DB-Foss-Licenses,19
CAL-1.0,Split-DB-Foss-Licenses,357
QPL-1.0,Split-DB-Foss-Licenses,98
CC-BY-2.0,Split-DB-Foss-Licenses,365
CC-BY-NC-ND-4.0,Split-DB-Foss-Licenses,547
AMPAS,Split-DB-Foss-Licenses,29
TU-Berlin-1.0,Split-DB-Foss-Licenses,10
Zimbra-1.2,Split-DB-Foss-Licenses,1010
LPPL-1.0,Split-DB-Foss-Licenses,129
CC-BY-3.0-AT,Split-DB-Foss-Licenses,453
EUPL-1.2,Split-DB-Foss-Licenses,288
MIT-feh,Split-DB-Foss-Licenses,5
Leptonica,Split-DB-Foss-Licenses,10
xpp,Split-DB-Foss-Licenses,32
Fawkes-Runtime-exception,Split-DB-Foss-Licenses,20
Alfresco-FLOSS,Split-DB-Foss-Licenses,40
SGI-B-1.1,Split-DB-Foss-Licenses,372
CATOSL-1.1,Split-DB-Foss-Licenses,303
Apache-1.1,Split-DB-Foss-Licenses,47
Docbook,Split-DB-Foss-Licenses,266
ADSL,Split-DB-Foss-Licenses,14
OLDAP-1.2,Split-DB-Foss-Licenses,93
Public-domain,Split-DB-Foss-Licenses,19
CECILL-1.1,Split-DB-Foss-Licenses,454
BSD-1-Clause,Split-DB-Foss-Licenses,13
CC-BY-ND-1.0,Split-DB-Foss-Licenses,282
OGTSL,Split-DB-Foss-Licenses,83
CC-BY-NC-ND-2.5,Split-DB-Foss-Licenses,349
VOSTROM,Split-DB-Foss-Licenses,47
Python-2.7,Split-DB-Foss-Licenses,257
OSL-3.0,Split-DB-Foss-Licenses,199
LPPL-1.1,Split-DB-Foss-Licenses,250
Jabber-1.0,Split-DB-Foss-Licenses,854
MIT-enna,Split-DB-Foss-Licenses,14
Python-2.0,Split-DB-Foss-Licenses,196
Universal-FOSS-exception-1.0,Split-DB-Foss-Licenses,15
RedHat,Split-DB-Foss-Licenses,547
Zimbra-1.3,Split-DB-Foss-Licenses,148
Xerox,Split-DB-Foss-Licenses,10
UnclassifiedLicense,Split-DB-Foss-Licenses,1
MirOS,Split-DB-Foss-Licenses,5
Zimbra-1.4,Split-DB-Foss-Licenses,148
O-UDA-1.0,Split-DB-Foss-Licenses,118
CECILL-1.0,Split-DB-Foss-Licenses,423
SNIA,Split-DB-Foss-Licenses,506
Open-PL-0.4,Split-DB-Foss-Licenses,1
OLDAP-1.4,Split-DB-Foss-Licenses,102
ErlPL-1.1,Split-DB-Foss-Licenses,426
FedoraCLA,Split-DB-Foss-Licenses,96
OGL-UK-3.0,Split-DB-Foss-Licenses,64
Majordomo-1.1,Split-DB-Foss-Licenses,126
OLDAP-1.3,Split-DB-Foss-Licenses,98
MPL-EULA-2.0,Split-DB-Foss-Licenses,240
EPICS,Split-DB-Foss-Licenses,86
Interbase,Split-DB-Foss-Licenses,657
SPL-1.0,Split-DB-Foss-Licenses,679
OpenDefinition,Split-DB-Foss-Licenses,152
OpenSSL,Split-DB-Foss-Licenses,109
MS-RL,Split-DB-Foss-Licenses,51
SMLNJ,Split-DB-Foss-Licenses,8
eGenix,Split-DB-Foss-Licenses,91
CDLA-Permissive-1.0,Split-DB-Foss-Licenses,126
SGI-B-1.0,Split-DB-Foss-Licenses,368
Apache-1.0,Split-DB-Foss-Licenses,39
CC0-1.0,Split-DB-Foss-Licenses,130
Spencer-86,Split-DB-Foss-Licenses,18
CC-BY-NC-1.0,Split-DB-Foss-Licenses,299
Plexus,Split-DB-Foss-Licenses,42
GPL-3.0-with-autoconf-exception,Split-DB-Foss-Licenses,34
APSL-2.0,Split-DB-Foss-Licenses,448
IJG,Split-DB-Foss-Licenses,107
Qmail,Split-DB-Foss-Licenses,11
RCSL,Split-DB-Foss-Licenses,699
BSD-3-Clause-Severability,Split-DB-Foss-Licenses,3
OCaml-LGPL-linking-exception,Split-DB-Foss-Licenses,6
JISP,Split-DB-Foss-Licenses,33
CCLRC,Split-DB-Foss-Licenses,45
CC-BY-NC-SA-2.0,Split-DB-Foss-Licenses,415
LPL-1.0,Split-DB-Foss-Licenses,274
XFree86,Split-DB-Foss-Licenses,3
ImageMagick,Split-DB-Foss-Licenses,195
PHP-3.0,Split-DB-Foss-Licenses,57
Qt-GPL-exception-1.0,Split-DB-Foss-Licenses,7
GPL-3.0,Split-DB-Foss-Licenses,588
FreeImage,Split-DB-Foss-Licenses,482
Saxpath,Split-DB-Foss-Licenses,26
zlib-acknowledgement,Split-DB-Foss-Licenses,49
PS-or-PDF-font-exception-20170817,Split-DB-Foss-Licenses,2
CompuServe,Split-DB-Foss-Licenses,393
MS-LPL,Split-DB-Foss-Licenses,68
ClArtistic,Split-DB-Foss-Licenses,95
Sendmail-8.23,Split-DB-Foss-Licenses,68
CDDL-1.0,Split-DB-Foss-Licenses,456
AdobeAFM,Split-DB-Foss-Licenses,4
GL2PS,Split-DB-Foss-Licenses,6
Python-3.1.1,Split-DB-Foss-Licenses,257
ACE,Split-DB-Foss-Licenses,66
LPPL-1.3a,Split-DB-Foss-Licenses,401
LAL-1.2,Split-DB-Foss-Licenses,132
PHP-3.01,Split-DB-Foss-Licenses,57
FSF,Split-DB-Foss-Licenses,1
Glulxe,Split-DB-Foss-Licenses,4
MIT-CMU,Split-DB-Foss-Licenses,5
Adobe-2006,Split-DB-Foss-Licenses,13
AFL-2.1,Split-DB-Foss-Licenses,194
MIT-advertising,Split-DB-Foss-Licenses,6
Ascender-EULA,Split-DB-Foss-Licenses,382
Zend-2.0,Split-DB-Foss-Licenses,68
NPL-1.1,Split-DB-Foss-Licenses,816
DSL,Split-DB-Foss-Licenses,102
MitreCVW,Split-DB-Foss-Licenses,29
CDLA-Sharing-1.0,Split-DB-Foss-Licenses,135
Ruby,Split-DB-Foss-Licenses,36
BSD-2-Clause-FreeBSD,Split-DB-Foss-Licenses,15
NGPL,Split-DB-Foss-Licenses,79
Dual-license,Split-DB-Foss-Licenses,14
MPL-1.1-style,Split-DB-Foss-Licenses,1
JPNIC,Split-DB-Foss-Licenses,35
ICU,Split-DB-Foss-Licenses,8
CC-BY-SA-3.0,Split-DB-Foss-Licenses,447
VMWare-EULA,Split-DB-Foss-Licenses,487
W3C-19980720,Split-DB-Foss-Licenses,61
MX4J-1.0,Split-DB-Foss-Licenses,28
ATI-EULA,Split-DB-Foss-Licenses,229
BSD-3-Clause-LBNL,Split-DB-Foss-Licenses,22
Hacktivismo,Split-DB-Foss-Licenses,1165
BSL-1.0,Split-DB-Foss-Licenses,6
Hauppauge,Split-DB-Foss-Licenses,433
Adaptec,Split-DB-Foss-Licenses,268
JasPer-2.0,Split-DB-Foss-Licenses,36
MIT,Split-DB-Foss-Licenses,6
BSD-3-Clause,Split-DB-Foss-Licenses,19
Citrix,Split-DB-Foss-Licenses,754
Nokia-Qt-exception-1.1,Split-DB-Foss-Licenses,13
NPL-1.0,Split-DB-Foss-Licenses,681
LiLiQ-Rplus-1.1,Split-DB-Foss-Licenses,142
Autoconf-exception-3.0,Split-DB-Foss-Licenses,32
CPOL-1.02,Split-DB-Foss-Licenses,389
UPL-1.0,Split-DB-Foss-Licenses,10
GPL-3.0+-with-classpath-exception,Split-DB-Foss-Licenses,17
GLWTPL,Split-DB-Foss-Licenses,13
RedHat-EULA,Split-DB-Foss-Licenses,168
UCWare-EULA,Split-DB-Foss-Licenses,92
AFL-2.0,Split-DB-Foss-Licenses,194
GFDL-1.1-invariants+,Split-DB-Foss-Licenses,403
BSD-3-Clause-Open-MPI,Split-DB-Foss-Licenses,10
MPL-2.0,Split-DB-Foss-Licenses,387
Sendmail,Split-DB-Foss-Licenses,68
Comtrol,Split-DB-Foss-Licenses,103
libselinux-1.0,Split-DB-Foss-Licenses,18
CPAL-1.0,Split-DB-Foss-Licenses,539
Trolltech,Split-DB-Foss-Licenses,17
LAL-1.3,Split-DB-Foss-Licenses,184
CERN-OHL-1.1,Split-DB-Foss-Licenses,150
FSFULLR,Split-DB-Foss-Licenses,2
CDDL-1.1,Split-DB-Foss-Licenses,463
PSF-2.0,Split-DB-Foss-Licenses,43
Qhull,Split-DB-Foss-Licenses,35
OSL-2.1,Split-SPDX-licenses,197
LiLiQ-P-1.1,Split-SPDX-licenses,59
GFDL-1.2-invariants-or-later,Split-SPDX-licenses,390
gnu-javamail-exception,Split-SPDX-licenses,3
NLOD-1.0,Split-SPDX-licenses,110
GFDL-1.2,Split-SPDX-licenses,390
ZPL-2.0,Split-SPDX-licenses,40
Imlib2,Split-SPDX-licenses,15
FTL,Split-SPDX-licenses,100
YPL-1.0,Split-SPDX-licenses,122
Intel,Split-SPDX-licenses,19
CC-BY-SA-3.0-AT,Split-SPDX-licenses,481
GFDL-1.1-no-invariants-or-later,Split-SPDX-licenses,331
CC-BY-3.0,Split-SPDX-licenses,367
Vim,Split-SPDX-licenses,73
OLDAP-2.8,Split-SPDX-licenses,26
libtiff,Split-SPDX-licenses,4
GFDL-1.3-invariants-or-later,Split-SPDX-licenses,412
BSD-3-Clause-Clear,Split-SPDX-licenses,4
NCGL-UK-2.0,Split-SPDX-licenses,28
MITNFA,Split-SPDX-licenses,6
GPL-3.0-only,Split-SPDX-licenses,483
Zed,Split-SPDX-licenses,3
OLDAP-2.6,Split-SPDX-licenses,28
CrystalStacker,Split-SPDX-licenses,15
AAL,Split-SPDX-licenses,15
OLDAP-2.1,Split-SPDX-licenses,40
PostgreSQL,Split-SPDX-licenses,8
YPL-1.1,Split-SPDX-licenses,118
Parity-7.0.0,Split-SPDX-licenses,36
W3C,Split-SPDX-licenses,13
Info-ZIP,Split-SPDX-licenses,22
ZPL-2.1,Split-SPDX-licenses,33
GFDL-1.3,Split-SPDX-licenses,412
SCEA,Split-SPDX-licenses,118
GFDL-1.2-only,Split-SPDX-licenses,390
SISSL,Split-SPDX-licenses,218
diffmark,Split-SPDX-licenses,5
RPL-1.5,Split-SPDX-licenses,658
CLISP-exception-2.0,Split-SPDX-licenses,28
Newsletr,Split-SPDX-licenses,8
CC-BY-ND-4.0,Split-SPDX-licenses,272
NIST-PD-fallback,Split-SPDX-licenses,12
CC-BY-SA-2.0-UK,Split-SPDX-licenses,181
OSL-2.0,Split-SPDX-licenses,187
i2p-gpl-java-exception,Split-SPDX-licenses,7
eCos-exception-2.0,Split-SPDX-licenses,4
CC-BY-ND-2.5,Split-SPDX-licenses,303
CC-BY-NC-ND-1.0,Split-SPDX-licenses,260
OLDAP-2.0,Split-SPDX-licenses,28
GPL-2.0-with-autoconf-exception,Split-SPDX-licenses,22
OLDAP-2.7,Split-SPDX-licenses,26
Intel-ACPI,Split-SPDX-licenses,145
PolyForm-Small-Business-1.0.0,Split-SPDX-licenses,36
CAL-1.0-Combined-Work-Exception,Split-SPDX-licenses,262
NRL,Split-SPDX-licenses,36
Rdisc,Split-SPDX-licenses,13
OpenJDK-assembly-exception-1.0,Split-SPDX-licenses,8
GFDL-1.2-no-invariants-only,Split-SPDX-licenses,390
OGL-UK-2.0,Split-SPDX-licenses,22
Artistic-1.0,Split-SPDX-licenses,49
GFDL-1.1-invariants-or-later,Split-SPDX-licenses,331
CUA-OPL-1.0,Split-SPDX-licenses,601
Parity-6.0.0,Split-SPDX-licenses,28
LiLiQ-R-1.1,Split-SPDX-licenses,83
Interbase-1.0,Split-SPDX-licenses,561
GPL-2.0,Split-SPDX-licenses,260
LPL-1.02,Split-SPDX-licenses,246
SimPL-2.0,Split-SPDX-licenses,15
IPA,Split-SPDX-licenses,122
BSD-4-Clause-Shortened,Split-SPDX-licenses,6
PDDL-1.0,Split-SPDX-licenses,313
CC-BY-NC-SA-3.0,Split-SPDX-licenses,412
bzip2-1.0.5,Split-SPDX-licenses,13
ANTLR-PD,Split-SPDX-licenses,15
GFDL-1.1-no-invariants-only,Split-SPDX-licenses,331
LGPL-3.0-or-later,Split-SPDX-licenses,57
AGPL-3.0,Split-SPDX-licenses,442
ECL-1.0,Split-SPDX-licenses,7
Libpng,Split-SPDX-licenses,44
GFDL-1.1-or-later,Split-SPDX-licenses,331
GFDL-1.3-only,Split-SPDX-licenses,412
Unicode-DFS-2016,Split-SPDX-licenses,15
libpng-2.0,Split-SPDX-licenses,13
Swift-exception,Split-SPDX-licenses,2
CC-PDDC,Split-SPDX-licenses,9
AFL-1.2,Split-SPDX-licenses,65
LLVM-exception,Split-SPDX-licenses,3
Unicode-TOU,Split-SPDX-licenses,210
GFDL-1.2-no-invariants-or-later,Split-SPDX-licenses,390
gnuplot,Split-SPDX-licenses,15
Wsuipa,Split-SPDX-licenses,12
NLPL,Split-SPDX-licenses,7
OLDAP-2.0.1,Split-SPDX-licenses,28
BSD-Protection,Split-SPDX-licenses,44
CC-BY-SA-2.0,Split-SPDX-licenses,357
C-UDA-1.0,Split-SPDX-licenses,75
BlueOak-1.0.0,Split-SPDX-licenses,22
APSL-1.2,Split-SPDX-licenses,357
SAX-PD,Split-SPDX-licenses,24
CC-BY-NC-2.5,Split-SPDX-licenses,331
OLDAP-2.2.2,Split-SPDX-licenses,36
FLTK-exception,Split-SPDX-licenses,2
Borceux,Split-SPDX-licenses,7
Glide,Split-SPDX-licenses,139
BSD-4-Clause,Split-SPDX-licenses,15
GPL-3.0-with-GCC-exception,Split-SPDX-licenses,28
FSFUL,Split-SPDX-licenses,2
CC-BY-NC-4.0,Split-SPDX-licenses,272
MulanPSL-2.0,Split-SPDX-licenses,73
wxWindows,Split-SPDX-licenses,15
eCos-2.0,Split-SPDX-licenses,19
Xnet,Split-SPDX-licenses,13
EPL-2.0,Split-SPDX-licenses,157
AFL-3.0,Split-SPDX-licenses,175
Spencer-99,Split-SPDX-licenses,12
GPL-1.0-only,Split-SPDX-licenses,167
Mup,Split-SPDX-licenses,15
MS-PL,Split-SPDX-licenses,40
Autoconf-exception-2.0,Split-SPDX-licenses,22
VSL-1.0,Split-SPDX-licenses,26
CC-BY-ND-3.0,Split-SPDX-licenses,327
OSET-PL-2.1,Split-SPDX-licenses,283
SSPL-1.0,Split-SPDX-licenses,372
MIT-open-group,Split-SPDX-licenses,5
Aladdin,Split-SPDX-licenses,145
CERN-OHL-W-2.0,Split-SPDX-licenses,73
OFL-1.1,Split-SPDX-licenses,22
OLDAP-1.1,Split-SPDX-licenses,57
BSD-2-Clause-Views,Split-SPDX-licenses,7
OSL-1.1,Split-SPDX-licenses,187
AGPL-3.0-only,Split-SPDX-licenses,442
Hippocratic-2.1,Split-SPDX-licenses,94
Crossword,Split-SPDX-licenses,4
CECILL-C,Split-SPDX-licenses,141
OCCT-PL,Split-SPDX-licenses,169
GFDL-1.3-no-invariants-or-later,Split-SPDX-licenses,412
Naumen,Split-SPDX-licenses,22
LGPL-2.0-only,Split-SPDX-licenses,398
Linux-OpenIB,Split-SPDX-licenses,6
APL-1.0,Split-SPDX-licenses,807
EUPL-1.1,Split-SPDX-licenses,157
openvpn-openssl-exception,Split-SPDX-licenses,11
Net-SNMP,Split-SPDX-licenses,110
Sleepycat,Split-SPDX-licenses,26
StandardML-NJ,Split-SPDX-licenses,8
copyleft-next-0.3.1,Split-SPDX-licenses,118
u-boot-exception-2.0,Split-SPDX-licenses,5
LGPLLR,Split-SPDX-licenses,200
CC-BY-NC-ND-2.0,Split-SPDX-licenses,303
OGL-Canada-2.0,Split-SPDX-licenses,27
D-FSL-1.0,Split-SPDX-licenses,238
Giftware,Split-SPDX-licenses,15
CC-BY-4.0,Split-SPDX-licenses,291
blessing,Split-SPDX-licenses,4
RHeCos-1.1,Split-SPDX-licenses,585
GPL-2.0-or-later,Split-SPDX-licenses,260
CPL-1.0,Split-SPDX-licenses,157
OFL-1.0,Split-SPDX-licenses,13
Cube,Split-SPDX-licenses,15
SugarCRM-1.1.3,Split-SPDX-licenses,541
OGL-UK-1.0,Split-SPDX-licenses,13
Noweb,Split-SPDX-licenses,22
IBM-pibs,Split-SPDX-licenses,4
Artistic-2.0,Split-SPDX-licenses,59
LZMA-exception,Split-SPDX-licenses,4
LPPL-1.2,Split-SPDX-licenses,167
389-exception,Split-SPDX-licenses,26
copyleft-next-0.3.0,Split-SPDX-licenses,122
Dotseqn,Split-SPDX-licenses,3
EUPL-1.0,Split-SPDX-licenses,149
SMPPL,Split-SPDX-licenses,51
ZPL-1.1,Split-SPDX-licenses,34
OGDL-Taiwan-1.0,Split-SPDX-licenses,197
ODC-By-1.0,Split-SPDX-licenses,390
LGPL-2.1+,Split-SPDX-licenses,434
TCP-wrappers,Split-SPDX-licenses,8
CECILL-B,Split-SPDX-licenses,130
Bootloader-exception,Split-SPDX-licenses,5
OFL-1.1-no-RFN,Split-SPDX-licenses,22
NAIST-2003,Split-SPDX-licenses,15
OSL-1.0,Split-SPDX-licenses,175
CC-BY-2.5,Split-SPDX-licenses,327
NBPL-1.0,Split-SPDX-licenses,51
ECL-2.0,Split-SPDX-licenses,102
CDL-1.0,Split-SPDX-licenses,206
mpich2,Split-SPDX-licenses,13
RPSL-1.0,Split-SPDX-licenses,541
BSD-2-Clause,Split-SPDX-licenses,7
TAPR-OHL-1.0,Split-SPDX-licenses,110
GFDL-1.1-invariants-only,Split-SPDX-licenses,331
LGPL-2.1,Split-SPDX-licenses,428
TMate,Split-SPDX-licenses,15
Artistic-1.0-Perl,Split-SPDX-licenses,65
BitTorrent-1.0,Split-SPDX-licenses,767
NIST-PD,Split-SPDX-licenses,12
GCC-exception-3.1,Split-SPDX-licenses,28
GPL-3.0-linking-source-exception,Split-SPDX-licenses,4
gSOAP-1.3b,Split-SPDX-licenses,424
GPL-2.0-with-classpath-exception,Split-SPDX-licenses,9
Latex2e,Split-SPDX-licenses,4
CC-BY-3.0-US,Split-SPDX-licenses,347
GPL-1.0,Split-SPDX-licenses,167
SISSL-1.2,Split-SPDX-licenses,181
NOSL,Split-SPDX-licenses,541
SWL,Split-SPDX-licenses,22
CERN-OHL-P-2.0,Split-SPDX-licenses,40
BSD-4-Clause-UC,Split-SPDX-licenses,15
Qwt-exception-1.0,Split-SPDX-licenses,13
OCCT-exception-1.0,Split-SPDX-licenses,6
WTFPL,Split-SPDX-licenses,7
HTMLTIDY,Split-SPDX-licenses,9
freertos-exception-2.0,Split-SPDX-licenses,7
LGPL-3.0-linking-exception,Split-SPDX-licenses,7
GPL-2.0-with-GCC-exception,Split-SPDX-licenses,6
CC-BY-NC-3.0,Split-SPDX-licenses,376
Frameworx-1.0,Split-SPDX-licenses,73
XFree86-1.1,Split-SPDX-licenses,15
CC-BY-NC-SA-4.0,Split-SPDX-licenses,293
NCSA,Split-SPDX-licenses,12
HPND,Split-SPDX-licenses,7
LGPL-2.1-only,Split-SPDX-licenses,428
Font-exception-2.0,Split-SPDX-licenses,7
GPL-1.0+,Split-SPDX-licenses,167
LGPL-2.0,Split-SPDX-licenses,398
MulanPSL-1.0,Split-SPDX-licenses,57
BitTorrent-1.1,Split-SPDX-licenses,857
Nokia,Split-SPDX-licenses,246
RSCPL,Split-SPDX-licenses,604
GPL-2.0-with-bison-exception,Split-SPDX-licenses,6
EPL-1.0,Split-SPDX-licenses,149
Artistic-1.0-cl8,Split-SPDX-licenses,51
CERN-OHL-1.2,Split-SPDX-licenses,167
LPPL-1.3c,Split-SPDX-licenses,303
FreeBSD-DOC,Split-SPDX-licenses,19
Zlib,Split-SPDX-licenses,19
MakeIndex,Split-SPDX-licenses,13
CERN-OHL-S-2.0,Split-SPDX-licenses,73
TORQUE-1.1,Split-SPDX-licenses,83
AGPL-1.0-only,Split-SPDX-licenses,242
CNRI-Jython,Split-SPDX-licenses,51
CC-BY-NC-SA-2.5,Split-SPDX-licenses,376
CC-BY-SA-1.0,Split-SPDX-licenses,291
Caldera,Split-SPDX-licenses,28
SSH-OpenSSH,Split-SPDX-licenses,26
BUSL-1.1,Split-SPDX-licenses,26
CC-BY-SA-2.1-JP,Split-SPDX-licenses,118
psfrag,Split-SPDX-licenses,6
Nunit,Split-SPDX-licenses,40
BSD-3-Clause-No-Nuclear-License,Split-SPDX-licenses,15
LGPL-2.1-or-later,Split-SPDX-licenses,428
mif-exception,Split-SPDX-licenses,5
Bahyph,Split-SPDX-licenses,34
LGPL-2.0-or-later,Split-SPDX-licenses,398
OLDAP-2.2,Split-SPDX-licenses,36
dvipdfm,Split-SPDX-licenses,3
0BSD,Split-SPDX-licenses,5
NTP,Split-SPDX-licenses,7
XSkat,Split-SPDX-licenses,8
Multics,Split-SPDX-licenses,26
BSD-3-Clause-No-Nuclear-License-2014,Split-SPDX-licenses,4
OLDAP-2.5,Split-SPDX-licenses,34
CC-BY-ND-2.0,Split-SPDX-licenses,299
CECILL-2.1,Split-SPDX-licenses,122
BSD-3-Clause-No-Nuclear-Warranty,Split-SPDX-licenses,15
CC-BY-1.0,Split-SPDX-licenses,266
IPL-1.0,Split-SPDX-licenses,206
CC-BY-NC-ND-3.0-IGO,Split-SPDX-licenses,428
EFL-1.0,Split-SPDX-licenses,11
Linux-syscall-note,Split-SPDX-licenses,3
Condor-1.1,Split-SPDX-licenses,69
GPL-2.0-with-font-exception,Split-SPDX-licenses,7
GPL-3.0-linking-exception,Split-SPDX-licenses,2
TU-Berlin-2.0,Split-SPDX-licenses,4
Beerware,Split-SPDX-licenses,5
EUDatagrid,Split-SPDX-licenses,34
OML,Split-SPDX-licenses,19
OGC-1.0,Split-SPDX-licenses,26
curl,Split-SPDX-licenses,7
GFDL-1.1,Split-SPDX-licenses,331
Eurosym,Split-SPDX-licenses,22
OLDAP-2.4,Split-SPDX-licenses,34
CNRI-Python,Split-SPDX-licenses,44
GPL-2.0-only,Split-SPDX-licenses,260
GPL-2.0+,Split-SPDX-licenses,248
TCL,Split-SPDX-licenses,22
SSH-short,Split-SPDX-licenses,3
BSD-2-Clause-Patent,Split-SPDX-licenses,9
CECILL-2.0,Split-SPDX-licenses,118
Barr,Split-SPDX-licenses,19
OLDAP-2.3,Split-SPDX-licenses,36
AML,Split-SPDX-licenses,15
psutils,Split-SPDX-licenses,15
HaskellReport,Split-SPDX-licenses,5
NTP-0,Split-SPDX-licenses,7
JSON,Split-SPDX-licenses,8
CC-BY-NC-ND-3.0,Split-SPDX-licenses,337
Apache-2.0,Split-SPDX-licenses,102
SGI-B-2.0,Split-SPDX-licenses,19
PolyForm-Noncommercial-1.0.0,Split-SPDX-licenses,28
Unlicense,Split-SPDX-licenses,7
Libtool-exception,Split-SPDX-licenses,1
LGPL-3.0+,Split-SPDX-licenses,57
SHL-0.51,Split-SPDX-licenses,145
GFDL-1.2-or-later,Split-SPDX-licenses,390
GFDL-1.3-or-later,Split-SPDX-licenses,412
AMDPLPA,Split-SPDX-licenses,102
RPL-1.1,Split-SPDX-licenses,726
FSFAP,Split-SPDX-licenses,3
WxWindows-exception-3.1,Split-SPDX-licenses,15
GPL-3.0+,Split-SPDX-licenses,483
SHL-2.1,Split-SPDX-licenses,15
GPL-CC-1.0,Split-SPDX-licenses,2
AFL-1.1,Split-SPDX-licenses,59
MPL-1.1,Split-SPDX-licenses,604
Fair,Split-SPDX-licenses,5
UCL-1.0,Split-SPDX-licenses,175
AGPL-1.0,Split-SPDX-licenses,242
DigiRule-FOSS-exception,Split-SPDX-licenses,26
Classpath-exception-2.0,Split-SPDX-licenses,9
Unicode-DFS-2015,Split-SPDX-licenses,22
SHL-0.5,Split-SPDX-licenses,126
etalab-2.0,Split-SPDX-licenses,19
CC-BY-SA-4.0,Split-SPDX-licenses,293
W3C-20150513,Split-SPDX-licenses,14
APSL-1.0,Split-SPDX-licenses,378
CC-BY-NC-2.0,Split-SPDX-licenses,327
BSD-2-Clause-NetBSD,Split-SPDX-licenses,13
CC-BY-NC-SA-1.0,Split-SPDX-licenses,299
LGPL-2.0+,Split-SPDX-licenses,402
CC-BY-SA-2.5,Split-SPDX-licenses,367
DSDP,Split-SPDX-licenses,26
GFDL-1.3-invariants-only,Split-SPDX-licenses,412
Motosoto,Split-SPDX-licenses,541
Adobe-Glyph,Split-SPDX-licenses,7
ISC,Split-SPDX-licenses,8
NASA-1.3,Split-SPDX-licenses,460
bzip2-1.0.6,Split-SPDX-licenses,19
Entessa,Split-SPDX-licenses,28
iMatix,Split-SPDX-licenses,40
OPL-1.0,Split-SPDX-licenses,527
MPL-1.0,Split-SPDX-licenses,434
Spencer-94,Split-SPDX-licenses,19
BSD-Source-Code,Split-SPDX-licenses,7
TOSL,Split-SPDX-licenses,13
GCC-exception-2.0,Split-SPDX-licenses,3
APAFML,Split-SPDX-licenses,6
LGPL-3.0,Split-SPDX-licenses,57
HPND-sell-variant,Split-SPDX-licenses,7
CNRI-Python-GPL-Compatible,Split-SPDX-licenses,57
BSD-3-Clause-Modification,Split-SPDX-licenses,13
RSA-MD,Split-SPDX-licenses,15
Abstyles,Split-SPDX-licenses,7
MIT-0,Split-SPDX-licenses,6
SHL-2.0,Split-SPDX-licenses,15
BSD-3-Clause-Attribution,Split-SPDX-licenses,13
Afmparse,Split-SPDX-licenses,9
OCLC-2.0,Split-SPDX-licenses,226
X11,Split-SPDX-licenses,9
Bison-exception-2.2,Split-SPDX-licenses,5
NetCDF,Split-SPDX-licenses,17
MPL-2.0-no-copyleft-exception,Split-SPDX-licenses,325
xinetd,Split-SPDX-licenses,26
AGPL-1.0-or-later,Split-SPDX-licenses,242
NPOSL-3.0,Split-SPDX-licenses,197
MTLL,Split-SPDX-licenses,40
OLDAP-2.2.1,Split-SPDX-licenses,36
GPL-1.0-or-later,Split-SPDX-licenses,167
Watcom-1.0,Split-SPDX-licenses,376
Qt-LGPL-exception-1.1,Split-SPDX-licenses,6
GD,Split-SPDX-licenses,7
DOC,Split-SPDX-licenses,59
ODbL-1.0,Split-SPDX-licenses,551
APSL-1.1,Split-SPDX-licenses,357
EFL-2.0,Split-SPDX-licenses,13
CAL-1.0,Split-SPDX-licenses,262
QPL-1.0,Split-SPDX-licenses,73
CC-BY-2.0,Split-SPDX-licenses,325
OFL-1.1-RFN,Split-SPDX-licenses,22
CC-BY-NC-ND-4.0,Split-SPDX-licenses,266
AMPAS,Split-SPDX-licenses,22
TU-Berlin-1.0,Split-SPDX-licenses,14
LPPL-1.0,Split-SPDX-licenses,73
CC-BY-3.0-AT,Split-SPDX-licenses,394
EUPL-1.2,Split-SPDX-licenses,118
OFL-1.0-no-RFN,Split-SPDX-licenses,13
MIT-feh,Split-SPDX-licenses,5
Leptonica,Split-SPDX-licenses,8
xpp,Split-SPDX-licenses,22
Fawkes-Runtime-exception,Split-SPDX-licenses,19
SGI-B-1.1,Split-SPDX-licenses,325
CATOSL-1.1,Split-SPDX-licenses,242
Apache-1.1,Split-SPDX-licenses,36
ADSL,Split-SPDX-licenses,13
OLDAP-1.2,Split-SPDX-licenses,57
OFL-1.0-RFN,Split-SPDX-licenses,13
GFDL-1.2-invariants-only,Split-SPDX-licenses,390
CECILL-1.1,Split-SPDX-licenses,313
BSD-1-Clause,Split-SPDX-licenses,13
CC-BY-ND-1.0,Split-SPDX-licenses,246
OGTSL,Split-SPDX-licenses,51
CC-BY-NC-ND-2.5,Split-SPDX-licenses,311
VOSTROM,Split-SPDX-licenses,34
OSL-3.0,Split-SPDX-licenses,175
LPPL-1.1,Split-SPDX-licenses,167
MIT-enna,Split-SPDX-licenses,14
Python-2.0,Split-SPDX-licenses,149
Universal-FOSS-exception-1.0,Split-SPDX-licenses,11
Zimbra-1.3,Split-SPDX-licenses,122
LGPL-3.0-only,Split-SPDX-licenses,57
Xerox,Split-SPDX-licenses,10
MirOS,Split-SPDX-licenses,7
Zimbra-1.4,Split-SPDX-licenses,122
O-UDA-1.0,Split-SPDX-licenses,90
CECILL-1.0,Split-SPDX-licenses,246
SNIA,Split-SPDX-licenses,434
OLDAP-1.4,Split-SPDX-licenses,65
ErlPL-1.1,Split-SPDX-licenses,376
OGL-UK-3.0,Split-SPDX-licenses,19
OLDAP-1.3,Split-SPDX-licenses,59
EPICS,Split-SPDX-licenses,65
SPL-1.0,Split-SPDX-licenses,604
OpenSSL,Split-SPDX-licenses,83
MS-RL,Split-SPDX-licenses,34
SMLNJ,Split-SPDX-licenses,6
eGenix,Split-SPDX-licenses,65
CDLA-Permissive-1.0,Split-SPDX-licenses,83
SGI-B-1.0,Split-SPDX-licenses,303
Apache-1.0,Split-SPDX-licenses,28
CC0-1.0,Split-SPDX-licenses,94
Spencer-86,Split-SPDX-licenses,15
CC-BY-NC-1.0,Split-SPDX-licenses,262
Plexus,Split-SPDX-licenses,34
GPL-3.0-with-autoconf-exception,Split-SPDX-licenses,19
APSL-2.0,Split-SPDX-licenses,394
IJG,Split-SPDX-licenses,86
OCaml-LGPL-linking-exception,Split-SPDX-licenses,5
GFDL-1.1-only,Split-SPDX-licenses,331
CC-BY-NC-SA-2.0,Split-SPDX-licenses,372
LPL-1.0,Split-SPDX-licenses,230
ImageMagick,Split-SPDX-licenses,130
PHP-3.0,Split-SPDX-licenses,44
Qt-GPL-exception-1.0,Split-SPDX-licenses,7
GPL-3.0,Split-SPDX-licenses,483
FreeImage,Split-SPDX-licenses,410
Saxpath,Split-SPDX-licenses,15
zlib-acknowledgement,Split-SPDX-licenses,40
PS-or-PDF-font-exception-20170817,Split-SPDX-licenses,2
ClArtistic,Split-SPDX-licenses,59
Sendmail-8.23,Split-SPDX-licenses,49
CDDL-1.0,Split-SPDX-licenses,390
GL2PS,Split-SPDX-licenses,7
LPPL-1.3a,Split-SPDX-licenses,299
LAL-1.2,Split-SPDX-licenses,94
PHP-3.01,Split-SPDX-licenses,44
DRL-1.0,Split-SPDX-licenses,8
Glulxe,Split-SPDX-licenses,4
MIT-CMU,Split-SPDX-licenses,6
Adobe-2006,Split-SPDX-licenses,7
AFL-2.1,Split-SPDX-licenses,169
MIT-advertising,Split-SPDX-licenses,6
Zend-2.0,Split-SPDX-licenses,57
NPL-1.1,Split-SPDX-licenses,686
CDLA-Sharing-1.0,Split-SPDX-licenses,90
MIT-Modern-Variant,Split-SPDX-licenses,5
Ruby,Split-SPDX-licenses,19
BSD-2-Clause-FreeBSD,Split-SPDX-licenses,9
NGPL,Split-SPDX-licenses,59
JPNIC,Split-SPDX-licenses,26
ICU,Split-SPDX-licenses,8
CC-BY-SA-3.0,Split-SPDX-licenses,398
W3C-19980720,Split-SPDX-licenses,40
BSD-3-Clause-LBNL,Split-SPDX-licenses,19
ANTLR-PD-fallback,Split-SPDX-licenses,18
GFDL-1.3-no-invariants-only,Split-SPDX-licenses,412
BSL-1.0,Split-SPDX-licenses,6
AGPL-3.0-or-later,Split-SPDX-licenses,442
JasPer-2.0,Split-SPDX-licenses,28
GPL-3.0-or-later,Split-SPDX-licenses,483
MIT,Split-SPDX-licenses,2
BSD-3-Clause,Split-SPDX-licenses,13
Nokia-Qt-exception-1.1,Split-SPDX-licenses,8
NPL-1.0,Split-SPDX-licenses,636
LiLiQ-Rplus-1.1,Split-SPDX-licenses,83
Autoconf-exception-3.0,Split-SPDX-licenses,19
CPOL-1.02,Split-SPDX-licenses,337
UPL-1.0,Split-SPDX-licenses,2
GLWTPL,Split-SPDX-licenses,11
AFL-2.0,Split-SPDX-licenses,169
BSD-3-Clause-Open-MPI,Split-SPDX-licenses,4
MPL-2.0,Split-SPDX-licenses,325
Sendmail,Split-SPDX-licenses,49
libselinux-1.0,Split-SPDX-licenses,9
CPAL-1.0,Split-SPDX-licenses,434
LAL-1.3,Split-SPDX-licenses,83
CERN-OHL-1.1,Split-SPDX-licenses,110
FSFULLR,Split-SPDX-licenses,2
BSD-3-Clause-No-Military-License,Split-SPDX-licenses,4
CDDL-1.1,Split-SPDX-licenses,394
PSF-2.0,Split-SPDX-licenses,34
Qhull,Split-SPDX-licenses,26
